#station	slug	holder	id	width	height	url
1	potato-eaters	VGM	s0005V1962	7698	5428	https://iiif.micr.io/yzksg/full/max/0/default.jpg
1	potato-eaters-study	VGM	s0135V1962r	7653	5780	https://iiif.micr.io/Dhbla/full/max/0/default.jpg
2	self-portrait-1887	VGM	s0065V1962	11072	13772	https://iiif.micr.io/DbxJG/full/max/0/default.jpg
2	self-portrait-as-a-painter	VGM	s0022V1962	5309	6989	https://iiif.micr.io/qDCTO/full/max/0/default.jpg
2	self-portrait-b	VGM	s0155V1962	5303	7203	https://iiif.micr.io/qsjKi/full/max/0/default.jpg
2	self-portrait-aic-1887	AIC	1954.326	4747	6000	https://commons.wikimedia.org/wiki/Special:FilePath/Vincent_van_Gogh_-_Self-Portrait_-_Google_Art_Project_%28454045%29.jpg
2	montmartre-moulin-de-la-galette	VGM	s0018V1962	7229	5816	https://iiif.micr.io/VqZcp/full/max/0/default.jpg
2	bank-of-the-seine	VGM	s0077V1962	7569	5194	https://iiif.micr.io/KLBJY/full/max/0/default.jpg
3	the-white-orchard	VGM	s0024V1962	12074	8884	https://iiif.micr.io/lixBA/full/max/0/default.jpg
3	the-pink-peach-tree	VGM	s0025V1962	5336	7192	https://iiif.micr.io/uDGrx/full/max/0/default.jpg
3	orchard-in-blossom	VGM	s0038V1962	7115	5599	https://iiif.micr.io/dqDPV/full/max/0/default.jpg
3	almond-blossom	VGM	s0176V1962	7195	5676	https://iiif.micr.io/rAERt/full/max/0/default.jpg
4	the-harvest	VGM	s0030V1962	11382	9053	https://iiif.micr.io/JklTj/full/max/0/default.jpg
4	the-sower	VGM	s0029V1962	7003	5625	https://iiif.micr.io/PoVJv/full/max/0/default.jpg
4	wheatfield-with-a-reaper	VGM	s0049V1962	12665	10012	https://iiif.micr.io/HDzja/full/max/0/default.jpg
5	the-yellow-house	VGM	s0032V1962	9234	7233	https://iiif.micr.io/NyxcG/full/max/0/default.jpg
5	bedroom-arles-1	VGM	s0047V1962	30000	23803	https://commons.wikimedia.org/wiki/Special:FilePath/Vincent_van_Gogh_-_De_slaapkamer_-_Google_Art_Project.jpg
5	bedroom-arles-3-orsay	ORSAY-C2RMF	RF1959-2	15016	11741	https://commons.wikimedia.org/wiki/Special:FilePath/La_Chambre_%C3%A0_Arles%2C_by_Vincent_van_Gogh%2C_from_C2RMF.jpg
5	sunflowers-vgm	VGM	s0031V1962	6133	8061	https://iiif.micr.io/TZCqF/full/max/0/default.jpg
5	sunflowers-ng-london	NGL	NG3863	4719	6000	https://commons.wikimedia.org/wiki/Special:FilePath/Vincent_van_Gogh_-_Sunflowers_%281888%2C_National_Gallery_London%29.jpg
5	gauguins-chair	VGM	s0048V1962	5578	6978	https://iiif.micr.io/MIOan/full/max/0/default.jpg
5	la-berceuse	VGM-STEDELIJK	A965	4344	5258	https://commons.wikimedia.org/wiki/Special:FilePath/Amsterdam_-_Stedelijk_Museum_-_Vincent_Van_Gogh_%281853-1890%29_-_Augustine_Roulin_%28La_Berceuse%29_%28A965%29_1889.jpg
6	cafe-terrace-at-night	KMM	KM108.565	6415	8000	https://commons.wikimedia.org/wiki/Special:FilePath/Van_Gogh_-_Terrace_of_a_Caf%C3%A9_at_Night_%28Place_du_Forum%29_1888.jpg
6	the-night-cafe	YALE	1961.18.34	7408	5848	https://commons.wikimedia.org/wiki/Special:FilePath/Le_caf%C3%A9_de_nuit_%28The_Night_Caf%C3%A9%29_by_Vincent_van_Gogh.jpeg
8	the-starry-night	MOMA	472.1941	44567	35291	https://commons.wikimedia.org/wiki/Special:FilePath/Van_Gogh_-_Starry_Night_-_Google_Art_Project.jpg
8	irises-vgm-stilllife	VGM	s0050V1962	13278	16806	https://iiif.micr.io/HVTVF/full/max/0/default.jpg
8	irises-getty	GETTY	90.PA.20	11516	8801	https://commons.wikimedia.org/wiki/Special:FilePath/Irises-Vincent_van_Gogh.jpg
8	wheat-field-with-cypresses-ng	NGL	NG3861	10882	8653	https://commons.wikimedia.org/wiki/Special:FilePath/Vincent_van_Gogh_-_Wheat_Field_with_Cypresses_%28National_Gallery_version%29.jpg
8	olive-grove	VGM	s0045V1962	12801	9998	https://iiif.micr.io/uaHTe/full/max/0/default.jpg
8	garden-of-saint-pauls-hospital	VGM	s0046V1962	5619	6892	https://iiif.micr.io/vJTlJ/full/max/0/default.jpg
9	daubignys-garden	VGM	s0104V1962	21322	21061	https://iiif.micr.io/mgPaF/full/max/0/default.jpg
9	stairway-at-auvers	SLAM	1-1935	6466	4569	https://commons.wikimedia.org/wiki/Special:FilePath/Vincent_van_Gogh_-_Stairway_at_Auvers_-_1-1935_-_Saint_Louis_Art_Museum.jpg
9	wheatfield-under-thunderclouds	VGM	s0106V1962	4000	1962	https://iiif.micr.io/fhXoU/full/max/0/default.jpg
10	wheatfield-with-crows	VGM	s0149V1962	7762	3718	https://iiif.micr.io/QHzII/full/max/0/default.jpg
5	bedroom-arles-2-aic	AIC	1926.417	7171	5596	https://commons.wikimedia.org/wiki/Special:FilePath/Vincent_van_Gogh_-_The_Bedroom_-_Google_Art_Project.jpg
5	van-goghs-chair	NGL	NG3862	4678	6000	https://commons.wikimedia.org/wiki/Special:FilePath/Vincent_Willem_van_Gogh_138.jpg
6	starry-night-over-the-rhone	ORSAY	RF1975-19	4331	3346	https://commons.wikimedia.org/wiki/Special:FilePath/Vincent_van_Gogh_-_Starry_Night_-_Google_Art_Project.jpg
7	the-red-vineyard	PUSHKIN	Zh-3372	11406	9092	https://commons.wikimedia.org/wiki/Special:FilePath/Vincent_van_Gogh_-_Red_Vineyard_at_Arles_%281888%29.jpg
8	cypresses-met	MET	1949.30	4177	5306	https://commons.wikimedia.org/wiki/Special:FilePath/Vincent_van_Gogh_Cypresses_1889.jpg
9	church-at-auvers	ORSAY	RF1951-42	3434	4433	https://commons.wikimedia.org/wiki/Special:FilePath/Vincent_van_Gogh_-_The_Church_in_Auvers-sur-Oise%2C_View_from_the_Chevet_-_Google_Art_Project.jpg
9	thatched-cottages-cordeville	ORSAY	RF1954-14	5067	4007	https://commons.wikimedia.org/wiki/Special:FilePath/Vincent_van_Gogh_-_Thatched_Cottages_at_Cordeville_-_Google_Art_Project.jpg
3	the-pink-orchard	VGM	s0026V1962	6759	5362	https://iiif.micr.io/YeKWP/full/max/0/default.jpg
8	olive-trees-alpilles	MOMA	581.1998	4043	3211	https://commons.wikimedia.org/wiki/Special:FilePath/Vincent_van_Gogh_-_The_Olive_Trees_-_Google_Art_Project.jpg
